{"cameraMode":{"drawMode":0,"name":"Shaded","section":"Shading Mode"},"sceneLighting":false,"audioPlay":false,"sceneViewState":{"showFog":true,"showMaterialUpdate":false,"showSkybox":true,"showFlares":true,"showImageEffects":true,"showParticleSystems":true},"in2DMode":false,"pivot":{"x":0.22349999845027924,"y":0.45749998092651369,"z":0.8899999856948853},"rotation":{"x":-0.32020267844200137,"y":0.6374123692512512,"z":-0.3301537334918976,"w":-0.6182024478912354},"size":1.6443541049957276,"orthographic":false}