{"cameraMode":{"drawMode":0,"name":"Shaded","section":"Shading Mode"},"sceneLighting":false,"audioPlay":false,"sceneViewState":{"showFog":true,"showMaterialUpdate":false,"showSkybox":true,"showFlares":true,"showImageEffects":true,"showParticleSystems":true},"in2DMode":false,"pivot":{"x":0.5850520133972168,"y":0.2361728698015213,"z":0.9146379232406616},"rotation":{"x":-0.03778199851512909,"y":0.7826157212257385,"z":-0.04772958159446716,"w":-0.6195216178894043},"size":0.14289408922195435,"orthographic":false}