{"cameraMode":{"drawMode":0,"name":"Shaded","section":"Shading Mode"},"sceneLighting":false,"audioPlay":false,"sceneViewState":{"showFog":true,"showMaterialUpdate":false,"showSkybox":true,"showFlares":true,"showImageEffects":true,"showParticleSystems":true},"in2DMode":false,"pivot":{"x":-0.973870575428009,"y":1.073085069656372,"z":3.0704665184020998},"rotation":{"x":0.44722986221313479,"y":-0.34806931018829348,"z":0.1944289207458496,"w":0.8006438612937927},"size":3.9879515171051027,"orthographic":false}