{"cameraMode":{"drawMode":0,"name":"Shaded","section":"Shading Mode"},"sceneLighting":false,"audioPlay":false,"sceneViewState":{"showFog":true,"showMaterialUpdate":false,"showSkybox":true,"showFlares":true,"showImageEffects":true,"showParticleSystems":true},"in2DMode":false,"pivot":{"x":-2.598907232284546,"y":0.10937264561653137,"z":1.2737574577331544},"rotation":{"x":-0.0798581913113594,"y":0.8200697898864746,"z":-0.11816795915365219,"w":-0.5542063117027283},"size":0.928388774394989,"orthographic":false}