{"cameraMode":{"drawMode":0,"name":"Shaded","section":"Shading Mode"},"sceneLighting":false,"audioPlay":false,"sceneViewState":{"showFog":true,"showMaterialUpdate":false,"showSkybox":true,"showFlares":true,"showImageEffects":true,"showParticleSystems":true},"in2DMode":false,"pivot":{"x":-2.0962798595428469,"y":8.5,"z":3.9800000190734865},"rotation":{"x":-0.5278038382530212,"y":0.1500992476940155,"z":-0.09538751095533371,"w":-0.8305387496948242},"size":6.6036152839660648,"orthographic":false}