{"cameraMode":{"drawMode":0,"name":"Shaded","section":"Shading Mode"},"sceneLighting":false,"audioPlay":false,"sceneViewState":{"showFog":true,"showMaterialUpdate":false,"showSkybox":true,"showFlares":true,"showImageEffects":true,"showParticleSystems":true},"in2DMode":false,"pivot":{"x":0.0,"y":-0.009953737258911133,"z":0.02420812100172043},"rotation":{"x":0.0024950949009507896,"y":0.7226228713989258,"z":-0.00260846852324903,"w":0.6912331581115723},"size":1.7805485725402833,"orthographic":false}