{"cameraMode":{"drawMode":0,"name":"Shaded","section":"Shading Mode"},"sceneLighting":false,"audioPlay":false,"sceneViewState":{"showFog":true,"showMaterialUpdate":false,"showSkybox":true,"showFlares":true,"showImageEffects":true,"showParticleSystems":true},"in2DMode":false,"pivot":{"x":0.0,"y":1.690000057220459,"z":0.3700000047683716},"rotation":{"x":-0.19029881060123444,"y":-0.7895727753639221,"z":0.30045726895332339,"w":-0.5000867247581482},"size":0.18116334080696107,"orthographic":false}