{"cameraMode":{"drawMode":0,"name":"Shaded","section":"Shading Mode"},"sceneLighting":false,"audioPlay":false,"sceneViewState":{"showFog":true,"showMaterialUpdate":false,"showSkybox":true,"showFlares":true,"showImageEffects":true,"showParticleSystems":true},"in2DMode":false,"pivot":{"x":-2.9237685203552248,"y":0.03886345028877258,"z":0.40813833475112917},"rotation":{"x":-0.08038889616727829,"y":0.9035098552703857,"z":-0.1945701390504837,"w":-0.37329626083374026},"size":0.5236067175865173,"orthographic":false}