{"cameraMode":{"drawMode":0,"name":"Shaded","section":"Shading Mode"},"sceneLighting":false,"audioPlay":false,"sceneViewState":{"showFog":true,"showMaterialUpdate":false,"showSkybox":true,"showFlares":true,"showImageEffects":true,"showParticleSystems":true},"in2DMode":false,"pivot":{"x":4.470348358154297e-8,"y":0.022800028324127198,"z":0.4415106475353241},"rotation":{"x":0.10000186413526535,"y":0.6282076239585877,"z":-0.08188089728355408,"w":0.7672355771064758},"size":1.9996401071548463,"orthographic":false}