{"cameraMode":{"drawMode":0,"name":"Shaded","section":"Shading Mode"},"sceneLighting":false,"audioPlay":false,"sceneViewState":{"showFog":true,"showMaterialUpdate":false,"showSkybox":true,"showFlares":true,"showImageEffects":true,"showParticleSystems":true},"in2DMode":false,"pivot":{"x":-1.1521614789962769,"y":0.08162737637758255,"z":0.5926921367645264},"rotation":{"x":-0.3256608247756958,"y":0.3034496307373047,"z":-0.11121893674135208,"w":-0.8885378241539002},"size":13.993587493896485,"orthographic":false}