{"cameraMode":{"drawMode":0,"name":"Shaded","section":"Shading Mode"},"sceneLighting":true,"audioPlay":false,"sceneViewState":{"showFog":false,"showMaterialUpdate":false,"showSkybox":false,"showFlares":false,"showImageEffects":false,"showParticleSystems":false},"in2DMode":false,"pivot":{"x":-49.05195617675781,"y":25.260770797729493,"z":-6.990122318267822},"rotation":{"x":-0.4159161448478699,"y":-0.3433709144592285,"z":0.17330801486968995,"w":-0.8240724205970764},"size":4.133364200592041,"orthographic":false}