{"cameraMode":{"drawMode":0,"name":"Shaded","section":"Shading Mode"},"sceneLighting":false,"audioPlay":false,"sceneViewState":{"showFog":true,"showMaterialUpdate":false,"showSkybox":true,"showFlares":true,"showImageEffects":true,"showParticleSystems":true},"in2DMode":false,"pivot":{"x":-1.1521614789962769,"y":0.08162737637758255,"z":0.5926921367645264},"rotation":{"x":-0.2980537712574005,"y":0.3897119462490082,"z":-0.1349290907382965,"w":-0.8608619570732117},"size":4.5193986892700199,"orthographic":false}