{"cameraMode":{"drawMode":0,"name":"Shaded","section":"Shading Mode"},"sceneLighting":false,"audioPlay":false,"sceneViewState":{"showFog":true,"showMaterialUpdate":false,"showSkybox":true,"showFlares":true,"showImageEffects":true,"showParticleSystems":true},"in2DMode":false,"pivot":{"x":-2.9237685203552248,"y":0.03886345028877258,"z":0.40813833475112917},"rotation":{"x":-0.2980537712574005,"y":0.3897119462490082,"z":-0.1349290907382965,"w":-0.8608619570732117},"size":0.5236067175865173,"orthographic":false}